student_id,overall_attendance,recent_attendance,avg_score,recent_score,failed_subjects,risk_label
S001,61.68,76.53,64.51,80.17,3,LOW
S002,89.74,92.4,63.03,54.95,0,MEDIUM
S003,90.13,68.4,56.56,51.98,1,HIGH
S004,53.94,89.13,69.18,69.08,1,HIGH
S005,69.33,86.1,44.54,72.15,3,HIGH
S006,61.17,83.13,59.1,84.22,4,HIGH
S007,53.76,85.09,47.33,74.52,2,MEDIUM
S008,89.31,81.69,49.93,61.16,1,HIGH
S009,82.03,77.68,65.99,72.43,3,HIGH
S010,88.98,93.43,39.04,71.34,4,MEDIUM
S011,79.1,93.55,58.69,84.53,1,HIGH
S012,50.1,67.2,68.85,66.34,3,HIGH
S013,56.94,80.46,37.74,80.81,4,MEDIUM
S014,92.81,79.15,56.92,70.69,2,HIGH
S015,88.73,78.55,35.56,62.38,4,HIGH
S016,64.43,75.81,74.78,57.82,4,HIGH
S017,63.6,72.15,41.82,61.2,3,MEDIUM
S018,97.42,80.04,51.67,70.57,1,MEDIUM
S019,75.45,75.81,68.55,75.43,2,HIGH
S020,95.63,73.38,53.42,74.74,3,MEDIUM
S021,80.54,93.55,59.45,60.75,2,HIGH
S022,59.13,91.91,57.56,52.96,0,HIGH
S023,76.84,70.14,38.86,53.59,3,MEDIUM
S024,92.08,89.06,76.31,68.99,1,HIGH
S025,86.99,70.98,69.51,74.4,3,MEDIUM
S026,87.41,80.68,47.13,51.82,2,HIGH
S027,54.93,68.33,63.23,67.22,2,HIGH
S028,60.99,86.51,59.68,59.03,4,MEDIUM
S029,67.19,68.6,91.69,82.34,1,HIGH
S030,83.97,69.6,42.45,59.09,3,HIGH
S031,78.12,85.04,52.43,80.69,3,MEDIUM
S032,96.91,92.39,62.2,73.48,2,HIGH
S033,73.69,83.31,93.07,66.52,3,MEDIUM
S034,98.39,86.43,66.46,63.58,2,MEDIUM
S035,90.1,62.35,76.79,78.71,1,MEDIUM
S036,83.95,94.23,77.69,63.34,2,HIGH
S037,51.79,75.14,47.55,59.79,3,MEDIUM
S038,62.64,76.17,52.33,69.63,0,HIGH
S039,92.56,71.75,53.62,74.75,3,HIGH
S040,98.03,67.75,44.79,72.61,3,HIGH
S041,55.57,76.39,44.06,61.18,3,HIGH
S042,77.8,92.32,77.71,68.12,4,HIGH
S043,56.73,83.32,48.54,67.87,2,HIGH
S044,52.82,64.6,45.96,71.98,2,HIGH
S045,92.16,84.2,35.35,56.28,4,HIGH
S046,56.7,78.98,64.82,70.57,4,LOW
S047,98.79,87.33,69.15,65.09,0,MEDIUM
S048,86.02,76.61,45.65,62.06,1,HIGH
S049,51.54,88.04,42.98,58.97,3,MEDIUM
S050,71.39,94.39,43.41,50.96,2,MEDIUM
S051,62.37,85.46,90.81,76.79,2,HIGH
S052,71.52,70.48,40.74,81.66,4,MEDIUM
S053,75.38,63.24,46.48,84.5,0,MEDIUM
S054,62.82,75.57,46.03,77.4,1,HIGH
S055,63.74,71.89,51.99,70.26,3,HIGH
S056,61.8,70.5,80.42,69.3,3,HIGH
S057,73.63,79.96,76.15,60.3,3,MEDIUM
S058,80.09,60.1,58.36,75.1,2,HIGH
S059,56.49,81.56,74.62,74.85,1,MEDIUM
S060,95.3,74.84,72.71,81.17,1,HIGH
S061,58.35,81.2,65.62,69.88,1,HIGH
S062,60.07,84.17,77.47,70.37,4,LOW
S063,88.36,76.56,56.77,70.43,0,HIGH
S064,50.82,70.79,52.35,74.17,4,HIGH
S065,84.42,83.68,85.68,80.38,4,HIGH
S066,90.64,89.25,93.07,56.47,4,MEDIUM
S067,63.93,85.42,66.6,52.03,0,MEDIUM
S068,66.24,71.12,39.44,78.53,0,HIGH
S069,87.66,68.95,81.49,67.37,4,HIGH
S070,53.39,61.26,75.57,83.81,1,HIGH
S071,58.23,65.85,64.66,64.25,0,HIGH
S072,97.09,88.14,43.98,57.76,4,HIGH
S073,85.65,72.56,53.31,75.02,3,HIGH
S074,70.19,70.62,61.62,83.15,3,LOW
S075,98.65,74.45,79.26,65.78,0,HIGH
S076,52.27,69.95,54.51,53.14,2,HIGH
S077,56.35,91.97,93.15,80.31,2,HIGH
S078,59.04,64.96,38.9,55.02,2,HIGH
S079,61.89,83.99,80.08,81.61,3,LOW
S080,95.34,79.56,53.95,84.58,0,HIGH
S081,50.36,85.36,56.18,74.04,3,HIGH
S082,69.57,69.24,87.15,57.77,4,MEDIUM
S083,67.29,91.55,90.01,80.23,2,LOW
S084,87.02,94.26,59.75,73.39,0,HIGH
S085,57.73,72.76,37.55,62.26,3,MEDIUM
S086,83.27,94.18,87.71,71.03,2,HIGH
S087,56.71,91.25,72.17,72.4,2,HIGH
S088,59.26,82.74,75.74,66.88,2,HIGH
S089,94.16,91.52,79.07,69.94,3,HIGH
S090,92.58,85.84,45.84,70.88,3,MEDIUM
S091,95.24,78.77,83.4,58.34,2,HIGH
S092,55.54,82.1,53.97,67.5,2,HIGH
S093,55.81,84.05,45.42,69.61,4,HIGH
S094,96.87,65.67,93.16,50.23,4,HIGH
S095,56.67,60.13,90.65,53.58,2,MEDIUM
S096,97.62,64.18,82.25,59.82,1,MEDIUM
S097,91.47,66.07,55.72,69.7,1,LOW
S098,99.5,81.39,50.98,58.1,0,HIGH
S099,68.23,61.38,41.27,79.9,4,MEDIUM
S100,85.56,68.85,87.85,55.65,2,HIGH
S101,63.24,93.34,59.78,56.41,3,MEDIUM
S102,75.02,77.91,58.01,67.53,1,HIGH
S103,84.74,71.28,85.73,58.56,3,HIGH
S104,66.33,71.11,70.52,66.9,3,HIGH
S105,82.08,78.77,45.62,63.47,3,MEDIUM
S106,93.65,78.35,75.33,77.28,2,MEDIUM
S107,90.81,68.83,89.66,81.67,1,LOW
S108,87.44,64.86,93.73,65.19,0,MEDIUM
S109,68.52,82.5,37.29,83.09,2,MEDIUM
S110,89.37,94.13,50.4,53.42,1,HIGH
S111,55.31,63.86,55.84,56.09,1,HIGH
S112,89.68,68.05,79.77,65.2,4,MEDIUM
S113,64.11,60.3,54.5,58.83,2,MEDIUM
S114,77.94,93.03,46.24,78.16,1,MEDIUM
S115,62.73,64.43,49.24,75.51,1,HIGH
S116,63.52,68.53,65.38,77.31,4,HIGH
S117,61.12,65.04,70.6,83.89,4,MEDIUM
S118,76.63,65.02,91.72,71.34,0,MEDIUM
S119,65.76,94.43,86.61,65.72,0,HIGH
S120,98.86,81.66,41.56,81.26,3,MEDIUM
S121,85.29,79.95,42.91,76.92,1,MEDIUM
S122,76.88,79.94,52.17,80.79,1,MEDIUM
S123,79.2,62.62,75.01,55.71,2,MEDIUM
S124,94.96,83.05,38.88,66.24,1,HIGH
S125,58.9,81.62,63.33,83.66,4,MEDIUM
S126,78.44,84.15,87.09,65.8,0,MEDIUM
S127,96.71,79.77,68.42,67.28,1,MEDIUM
S128,93.77,62.56,51.33,58.5,2,MEDIUM
S129,98.06,66.44,79.19,65.4,1,HIGH
S130,79.38,90.28,67.17,56.15,4,MEDIUM
S131,75.19,90.76,56.67,60.02,2,MEDIUM
S132,64.91,65.93,59.84,74.97,0,HIGH
S133,52.3,93.01,36.56,54.99,0,MEDIUM
S134,88.71,90.91,43.14,61.12,1,HIGH
S135,72.95,60.89,90.02,68.86,4,HIGH
S136,64.46,67.96,77.58,57.17,4,HIGH
S137,50.3,78.27,42.99,56.55,2,HIGH
S138,51.17,84.58,90.85,54.03,2,HIGH
S139,55.28,76.54,72.63,52.82,4,HIGH
S140,77.93,88.16,42.96,83.78,3,MEDIUM
S141,60.26,91.36,69.13,56.01,2,HIGH
S142,77.07,79.17,43.3,50.51,4,HIGH
S143,93.06,89.09,42.71,67.78,4,HIGH
S144,53.49,70.76,47.96,58.39,4,HIGH
S145,91.57,73.53,51.99,65.23,3,HIGH
S146,78.5,78.35,38.04,77.09,4,HIGH
S147,63.96,70.43,87.19,63.7,3,HIGH
S148,85.89,69.97,50.31,77.82,4,MEDIUM
S149,87.05,71.95,41.9,77.29,1,HIGH
S150,95.82,75.97,82.31,61.09,4,HIGH
S151,91.26,62.06,74.02,56.51,4,HIGH
S152,56.4,65,89.43,71.98,4,HIGH
S153,55.67,78.69,35.44,76.29,4,MEDIUM
S154,83.39,61.27,85.27,50.41,2,HIGH
S155,61.68,75.34,69.68,78.55,3,MEDIUM
S156,76.15,76.44,65.32,54.11,0,HIGH
S157,93.52,70.31,52.97,73.87,3,MEDIUM
S158,73.95,66.98,82.79,54.25,1,HIGH
S159,93.41,63.45,64.69,75.73,3,HIGH
S160,52.18,80.31,58.91,79.16,4,HIGH
S161,56.18,63.6,59.54,63.52,4,HIGH
S162,70.96,85.07,45.3,57.63,3,HIGH
S163,51.83,62.79,70.64,56.6,3,MEDIUM
S164,78.46,89.91,45.55,82.04,1,MEDIUM
S165,91.13,72.12,37.93,79.38,2,MEDIUM
S166,80.38,65.95,56.86,52.56,1,HIGH
S167,51.38,65.74,49.35,52.61,0,HIGH
S168,50.91,90.54,93.34,53.77,1,HIGH
S169,87.92,70.01,61.03,72.94,3,HIGH
S170,99.45,85.34,92.52,67.84,4,HIGH
S171,56.47,60.59,65.5,56.43,3,HIGH
S172,52.37,73.35,91.68,83.62,1,HIGH
S173,51.97,65.63,76.8,77.78,0,HIGH
S174,55.7,84.73,57.3,81.43,0,HIGH
S175,52.92,76.63,57.75,67.66,1,LOW
S176,87.74,82.39,76.57,57.09,0,MEDIUM
S177,62.78,83.92,83.3,58.58,0,HIGH
S178,62.53,74.92,49.55,60.47,4,HIGH
S179,75.87,82.84,89.81,65.96,3,MEDIUM
S180,69.71,94.73,42.51,54.31,2,MEDIUM
S181,99.65,73.8,85,67.86,2,MEDIUM
S182,81.91,92.81,89.66,74.31,0,MEDIUM
S183,75,82.28,82.86,55.24,0,MEDIUM
S184,72.05,79.59,67.31,74.43,1,MEDIUM
S185,82.38,84.08,47.87,80.4,2,HIGH
S186,51.41,73.22,93.69,64.92,4,MEDIUM
S187,77.07,76.68,58.81,73.34,2,MEDIUM
S188,64.11,74.11,37.46,80.57,1,HIGH
S189,75.78,83.89,90.31,51.68,4,LOW
S190,88.71,88.38,51.67,77.13,0,MEDIUM
S191,70.44,61.11,81.03,51.28,2,HIGH
S192,58.62,60.67,65.29,70.14,3,MEDIUM
S193,63.58,68.23,84.5,61.06,1,MEDIUM
S194,89.49,93.68,76.68,62.28,1,HIGH
S195,73.15,85.45,94.48,59.75,4,MEDIUM
S196,95.51,70.97,78.88,73.69,1,MEDIUM
S197,99.64,80.29,54.48,57.33,2,HIGH
S198,52.76,81.97,48.91,76.51,0,HIGH
S199,50.29,61.13,75.37,69,3,MEDIUM
S200,81.15,67.53,72.81,62.72,2,HIGH
S201,53.79,65.02,36.96,67.49,0,MEDIUM
S202,65.66,83.58,51.22,83.75,2,LOW
S203,97,77.19,72.43,79.37,4,MEDIUM
S204,50.93,88.25,55.34,51.51,1,HIGH
S205,89.12,93.87,92.92,53.53,1,HIGH
S206,64.37,65.47,43.07,62.48,2,HIGH
S207,84.9,71.94,69.29,50.4,2,HIGH
S208,76.45,86.04,78.04,69.62,2,MEDIUM
S209,66.4,72.91,77.36,76.6,2,HIGH
S210,92.82,79.02,39.25,81.39,3,HIGH
S211,66.01,81.4,75.28,65.18,3,MEDIUM
S212,70.59,85.4,73.79,66.04,1,HIGH
S213,92.73,88.92,44.28,65.97,1,HIGH
S214,58.34,87.79,93.58,66.66,2,MEDIUM
S215,86.05,71.08,64.87,82.01,2,HIGH
S216,79.07,68.47,65.34,82.33,3,HIGH
S217,82.11,88.8,46.93,74.88,1,HIGH
S218,98.81,77.64,87.32,82.24,3,MEDIUM
S219,83.13,62.94,83.02,53.18,0,MEDIUM
S220,57.26,70.53,36.8,50.47,3,HIGH
S221,68.19,74.57,72.46,68.89,0,MEDIUM
S222,80.02,64.42,54.65,58.83,1,HIGH
S223,56.05,93.91,39.16,79.68,1,HIGH
S224,91.13,70.57,81.07,63.34,2,MEDIUM
S225,99.71,60.63,35.13,55.95,4,HIGH
S226,96.5,92.62,92.67,53.97,0,MEDIUM
S227,92.83,83.14,48.48,60.24,1,HIGH
S228,98.71,64.77,89.29,70.96,0,HIGH
S229,71.44,73.33,87.16,62.81,4,MEDIUM
S230,67.13,81.59,79.24,70.07,0,HIGH
S231,90,64.6,86.62,65.41,1,HIGH
S232,81.7,73.55,38.46,60.15,3,MEDIUM
S233,55.67,78.77,56.85,72.83,0,HIGH
S234,71.78,65.94,41.38,59.02,4,MEDIUM
S235,52.2,91.17,65.06,56.09,4,MEDIUM
S236,52.39,74.91,46.96,63.06,1,MEDIUM
S237,99.8,71.89,70.97,80.7,2,HIGH
S238,66.44,63.85,73.82,70.61,2,MEDIUM
S239,89.75,83.99,79.14,82.4,4,HIGH
S240,85.66,76.18,73.45,56.7,4,HIGH
S241,65.34,60.25,82.7,82.17,1,HIGH
S242,85.3,80.82,51.68,74.08,3,HIGH
S243,64.89,62.13,70.45,81.34,4,HIGH
S244,60.94,74.33,69.04,57.41,1,HIGH
S245,76.72,74.34,49.15,80.88,1,HIGH
S246,54.89,94.72,67.23,79.65,0,HIGH
S247,51.34,94.31,88.27,57.45,3,LOW
S248,56.56,75.83,80.54,75.81,1,MEDIUM
S249,67.42,68.57,40.45,59.78,2,HIGH
S250,78.59,77.56,38.57,58.93,4,MEDIUM
S251,83,77.75,78.19,75.38,4,MEDIUM
S252,99.27,90.17,80.62,66.62,2,HIGH
S253,80.57,93.11,85.8,70.42,0,MEDIUM
S254,78.63,69.69,46.52,77.53,3,MEDIUM
S255,64.2,77.02,50.76,76.23,2,HIGH
S256,51.08,80.05,69.1,79.5,0,HIGH
S257,81.48,60.44,60.32,61.64,0,HIGH
S258,92.88,64.91,58.82,79.5,2,MEDIUM
S259,96.59,88.58,62.73,65.84,0,HIGH
S260,80.46,93.51,71.98,55.69,4,MEDIUM
S261,56.84,66.49,35.16,66.02,4,HIGH
S262,86.28,82.65,83.03,59.07,2,HIGH
S263,89.15,68.61,51.29,60.14,4,LOW
S264,96.58,72.78,59.75,69.84,1,HIGH
S265,61.53,70.15,93.22,74.93,3,HIGH
S266,87.22,63.18,54.05,79.07,0,HIGH
S267,74.13,68.34,73.99,77.31,2,MEDIUM
S268,64.5,89.35,67.32,73.16,4,MEDIUM
S269,68.84,93.02,85.73,51.1,2,HIGH
S270,84.14,92.94,62.22,69.93,4,HIGH
S271,81.48,72.07,36.93,77.52,0,HIGH
S272,55.89,63.48,74.7,76.85,0,HIGH
S273,85.71,94.73,43.68,83.07,0,HIGH
S274,54.71,85.53,82.17,76.22,4,HIGH
S275,92.3,94.59,90.05,65.22,1,LOW
S276,63.84,75.06,85.91,58.46,0,HIGH
S277,78.84,78.18,79.92,64.15,3,HIGH
S278,86.58,93.42,44.08,64.93,0,HIGH
S279,98.05,62.36,63.33,61.01,1,HIGH
S280,83.19,68.86,44.45,74.97,0,LOW
S281,62.37,85.97,85.45,56.76,1,HIGH
S282,74.35,74.09,73.37,60.1,3,HIGH
S283,96.91,69.52,46.11,62.97,0,MEDIUM
S284,63.69,66.33,37.08,63.67,1,LOW
S285,59.52,68.07,91.6,66.33,0,HIGH
S286,94.86,93.9,57.37,78.42,3,MEDIUM
S287,76.96,92.31,70.18,68.29,4,HIGH
S288,99.75,78.9,48.31,50.34,1,HIGH
S289,98.79,89.68,66.6,64.49,4,HIGH
S290,76.09,93.79,37.64,74.28,2,HIGH
S291,83.85,76.86,54.53,69.84,1,MEDIUM
S292,60.72,82.33,57.53,58.5,3,HIGH
S293,70.11,63.2,79.78,56.8,4,HIGH
S294,78.97,72.9,80.61,77,1,HIGH
S295,51.85,79.85,41.73,71.69,3,HIGH
S296,76.6,60.98,60.39,70.57,4,MEDIUM
S297,97.95,83.56,67.1,77.13,1,MEDIUM
S298,71.18,82.16,74.18,82.57,4,LOW
S299,87.23,72.28,65.11,80.22,2,HIGH
S300,83.76,62.59,36.83,73.46,0,MEDIUM
S301,57.16,90.11,68.81,57.29,0,HIGH
S302,57.65,73.19,47.17,70.55,3,MEDIUM
S303,97.76,94.59,40.69,55.98,1,HIGH
S304,51.35,82.47,94.19,67.73,1,HIGH
S305,99.25,69.94,65.76,74.61,4,HIGH
S306,68.82,86.47,77,52.43,0,MEDIUM
S307,87.15,90.41,88.35,79.38,0,MEDIUM
S308,71.35,88.47,71.03,78.86,3,LOW
S309,99.28,79.4,69.09,75.38,4,MEDIUM
S310,60.46,68.59,52.85,60.63,2,MEDIUM
S311,64.65,70.43,67.77,80.37,4,HIGH
S312,52.98,83.09,72.15,81.32,4,HIGH
S313,83.8,94.29,46.13,84.74,2,MEDIUM
S314,91.45,78.46,81.15,65.36,1,MEDIUM
S315,54.4,92.68,83.14,63.44,0,MEDIUM
S316,88.34,71.26,52.65,54.12,1,HIGH
S317,51.43,75.2,40.55,74.47,3,HIGH
S318,82.36,83.6,56.96,71.72,3,MEDIUM
S319,69.35,74.59,44.86,76.41,2,MEDIUM
S320,63.53,70.73,80.18,67.29,2,HIGH
S321,57.47,69.37,48.53,55.06,4,MEDIUM
S322,69.27,92.81,47.59,69.28,1,MEDIUM
S323,96.38,68.99,81.89,50.83,0,MEDIUM
S324,62.56,69.92,64.22,68.8,2,MEDIUM
S325,64.59,72.06,35.62,73.9,0,HIGH
S326,57.11,91.25,78.81,79.26,3,MEDIUM
S327,57.92,72.75,83.49,58.97,3,MEDIUM
S328,93.78,68.03,87.26,58.57,3,MEDIUM
S329,94.92,88.07,75.51,69.19,1,MEDIUM
S330,97.76,68.78,46.5,80.63,3,HIGH
S331,88.23,90.51,67.54,69.47,3,MEDIUM
S332,94.92,80.43,94.17,77.47,0,MEDIUM
S333,85.23,68.57,57.08,52.05,2,HIGH
S334,86.38,94.37,77.49,62.63,2,MEDIUM
S335,77.68,60.36,45.56,58.19,3,HIGH
S336,80.44,79.9,62.03,71.92,4,HIGH
S337,79.82,87.23,65.03,75.23,4,HIGH
S338,88.39,68.05,69.79,69.12,3,HIGH
S339,81.72,81,60.14,79.77,2,HIGH
S340,73.47,66.6,63.24,67.37,1,HIGH
S341,59.82,84.93,50.65,65.01,3,MEDIUM
S342,63.64,76.94,60.31,64.56,4,HIGH
S343,89.2,81.18,38.36,63.35,0,HIGH
S344,70.02,70.11,94.21,55.66,1,HIGH
S345,64.23,69.44,58.76,52.62,1,HIGH
S346,81.1,77.1,93.73,70.73,4,HIGH
S347,55.48,84.08,44.89,83.16,4,HIGH
S348,99.81,89.63,84.49,67.51,3,HIGH
S349,54.4,89.25,50.29,70.52,3,MEDIUM
S350,67.01,77.87,46.41,66.02,1,HIGH
S351,67.9,69.35,55.63,54.59,1,HIGH
S352,55.09,85.54,93.59,69.11,1,HIGH
S353,90.17,91.99,56.87,83.34,1,HIGH
S354,66.55,72.37,77.63,56.21,3,MEDIUM
S355,53.29,76.03,52.7,77.68,2,HIGH
S356,73.54,89.72,67.8,58.21,0,MEDIUM
S357,77.47,71.9,65.57,72.53,0,HIGH
S358,58.83,71.44,81.05,52.41,4,MEDIUM
S359,86.04,94.73,62.35,78.85,1,HIGH
S360,93.63,76.49,47.9,73.31,1,HIGH
S361,93.62,72.87,43.42,68.72,4,HIGH
S362,83.77,90.63,46.08,52.14,4,HIGH
S363,57.36,84.53,67.22,56,0,HIGH
S364,78.59,66.73,35.13,59.37,0,MEDIUM
S365,66.26,86.05,50.97,80.62,4,MEDIUM
S366,50.41,79.91,76.68,79.55,3,MEDIUM
S367,97.71,78.53,58.71,84.24,1,HIGH
S368,59.48,71.54,85.41,74.81,1,HIGH
S369,98.41,77.6,89.1,77.59,2,HIGH
S370,59.74,93.31,49.49,56.27,2,HIGH
S371,91.02,72.81,68.48,62.01,3,HIGH
S372,59.25,91.64,76.61,64.49,2,HIGH
S373,62.46,63.84,35.92,78.28,2,HIGH
S374,96.93,63.26,52.18,79.19,4,HIGH
S375,88.75,76.2,71.45,83.97,1,HIGH
S376,80.29,67.36,81.89,51.37,1,LOW
S377,98.8,91.13,86.86,74.51,1,MEDIUM
S378,69.12,91.9,74.35,62.73,1,HIGH
S379,76.29,80.57,58.14,64.9,0,HIGH
S380,69.55,74.34,63.59,83.9,1,MEDIUM
S381,54.58,76.94,53.82,54.09,4,MEDIUM
S382,98.04,71.25,76.78,83.31,4,MEDIUM
S383,58.22,82.87,83.86,84.84,2,MEDIUM
S384,65.49,87.71,56.09,81.64,4,MEDIUM
S385,74.4,62.54,36.34,76.97,3,MEDIUM
S386,58.69,92.7,57.88,81.88,1,HIGH
S387,82.35,62.2,53.06,67.38,0,MEDIUM
S388,57.97,61.86,90.23,73.1,0,MEDIUM
S389,69.84,92.8,82.68,82.95,1,HIGH
S390,51.98,68.92,55.99,56.76,2,LOW
S391,51.68,60.94,64.73,69.94,1,MEDIUM
S392,74.09,92.12,79.94,82.28,1,HIGH
S393,69.42,82.55,54.49,79.2,2,MEDIUM
S394,68.18,91.46,37.82,52.61,2,MEDIUM
S395,93.79,65.92,74.54,77.63,4,HIGH
S396,77.18,76.99,63,69.81,0,MEDIUM
S397,89.76,62.67,74.82,52.89,0,MEDIUM
S398,90.76,91.5,85.47,73.74,3,HIGH
S399,59.08,94.35,49.4,80.63,0,HIGH
S400,85.48,67.13,42.82,59.31,4,MEDIUM
S401,90.65,79.33,67.95,56.43,4,HIGH
S402,65.28,80.48,92.96,73.28,3,MEDIUM
S403,77.47,75.08,74.73,78.81,2,HIGH
S404,95.13,94.5,50.88,57.12,0,HIGH
S405,68.52,66.59,57.84,67.1,3,MEDIUM
S406,94.11,67.67,53.83,77.31,4,MEDIUM
S407,60.97,69.23,80.76,67.94,3,MEDIUM
S408,96.01,91.78,56.58,71.55,4,MEDIUM
S409,61.86,82.02,76.34,71.85,4,MEDIUM
S410,50.23,60.43,48.09,53.24,0,HIGH
S411,82.37,74,38.08,64.86,0,HIGH
S412,92.06,62.87,89.12,80.27,4,MEDIUM
S413,58.67,82.76,59.06,60.96,0,MEDIUM
S414,77.01,88.04,62.54,62,1,HIGH
S415,79.61,94.84,51.67,66.35,3,MEDIUM
S416,90.78,85.46,82.07,68.97,0,HIGH
S417,50.04,62.06,66.77,72.63,4,MEDIUM
S418,92.7,87.56,90.43,55.89,3,HIGH
S419,58.4,93.68,54.26,80.83,4,MEDIUM
S420,75.3,83.32,79.01,59.49,0,HIGH
S421,63.87,84.65,63.48,76.2,0,MEDIUM
S422,60.8,69.64,52.49,80.4,2,MEDIUM
S423,81.55,66.57,87.01,55.04,4,HIGH
S424,71.91,89.11,80.83,73.34,3,MEDIUM
S425,91.96,64.12,72.6,51.91,0,HIGH
S426,76.44,85.75,82.3,64.59,1,LOW
S427,71.77,71.06,87.79,70.37,1,MEDIUM
S428,93.98,63.5,86.67,53.92,4,LOW
S429,52.79,63.14,77.5,72.17,1,HIGH
S430,56.99,93.89,36.34,55.74,3,MEDIUM
S431,80.28,90.17,54.07,55.21,0,MEDIUM
S432,61.28,87.59,51.04,72.06,3,HIGH
S433,76.75,85.18,85.56,67.52,0,HIGH
S434,55.47,72.99,81.17,83.72,4,HIGH
S435,64.96,80.32,74.99,75.73,4,HIGH
S436,92.17,89.16,76.76,50.36,1,HIGH
S437,54.31,60.64,68.56,79.76,3,MEDIUM
S438,55.94,89.52,92.68,79.07,0,MEDIUM
S439,94.4,63.12,48.72,67.73,0,HIGH
S440,71.12,62.73,55.86,71.17,3,HIGH
S441,60.73,66.94,47.2,72.97,2,MEDIUM
S442,85.75,76.19,42.11,61.87,1,HIGH
S443,68.09,88.62,80.96,65.11,1,HIGH
S444,87.06,87.58,45.54,62.4,2,MEDIUM
S445,74.3,92.21,35.35,51.09,1,MEDIUM
S446,83.98,74.02,76.28,75.19,2,HIGH
S447,68.08,65.25,78.76,68.85,3,HIGH
S448,65.46,77.5,38.5,56.42,2,HIGH
S449,92.23,83.47,93.27,80.18,1,MEDIUM
S450,85.75,77.53,66.16,78.07,4,HIGH
S451,65.24,79.78,74.31,72.61,2,HIGH
S452,93.84,94.31,91.81,56.04,2,MEDIUM
S453,86.39,82.34,56.6,76.48,0,MEDIUM
S454,91.47,76.84,39.87,60.3,4,HIGH
S455,85.47,85.53,40.91,66.51,1,MEDIUM
S456,94.92,67.81,69.23,74.15,0,HIGH
S457,67.86,68.99,35.02,54.82,1,MEDIUM
S458,60.38,70.42,83.81,69.69,1,MEDIUM
S459,63.4,60.93,68.29,78.48,4,LOW
S460,84.58,91.55,61.11,59.21,1,HIGH
S461,65.65,88.36,45.85,65.4,4,HIGH
S462,99,91.75,36.86,62.95,3,MEDIUM
S463,50.63,60.96,49.89,57.33,0,HIGH
S464,75.78,75.99,50.49,62.23,4,MEDIUM
S465,90.94,70.44,93.39,77.22,4,HIGH
S466,50.08,69.75,48.85,61.28,4,LOW
S467,76.28,72.26,89.42,54.97,4,MEDIUM
S468,57.26,79.32,86.2,68.57,0,HIGH
S469,97.09,93.18,63.24,56.66,2,MEDIUM
S470,97.15,68.12,45.41,77.57,1,HIGH
S471,61.1,68.81,66.99,74.15,4,MEDIUM
S472,80.85,94.15,51.22,62.48,0,HIGH
S473,55.84,87.05,64.58,76.92,0,LOW
S474,91.5,80.1,91.06,66.23,1,HIGH
S475,60.67,91.22,57.71,68.06,0,MEDIUM
S476,81.12,90.97,77.34,75.73,0,MEDIUM
S477,98.26,68.59,94.04,66.83,1,HIGH
S478,81.88,88.86,93.49,82.72,4,LOW
S479,50.45,72.1,42.99,78.47,2,MEDIUM
S480,82.06,73.18,83.54,69.15,1,MEDIUM
S481,67.62,63.12,76.61,54.03,0,MEDIUM
S482,82.32,86.34,42.12,69.65,1,HIGH
S483,73.32,81.73,90.13,57.29,3,LOW
S484,55.27,77.75,89.78,54.18,1,MEDIUM
S485,51.55,94.09,67.49,54.09,3,HIGH
S486,95.96,93.16,36.94,80.71,4,HIGH
S487,67.06,88.42,94.89,76.72,0,HIGH
S488,92.96,87.37,86.99,66.14,2,MEDIUM
S489,99.04,75.2,60.09,66.66,0,HIGH
S490,51.12,92.69,65.18,63.05,0,MEDIUM
S491,53.68,81.59,81.84,73.34,0,MEDIUM
S492,91.64,79.72,94.91,70.9,4,HIGH
S493,57.22,71.44,48.94,57.51,0,HIGH
S494,89.81,75.29,70.95,62.16,1,MEDIUM
S495,98.44,74.93,79.57,79.46,3,HIGH
S496,70.36,70.15,83.12,74.11,3,HIGH
S497,51.2,67.74,64.92,56.95,4,MEDIUM
S498,74.49,61.45,40.44,56.55,2,HIGH
S499,79.17,61.26,91.5,50.87,2,MEDIUM
S500,55.4,93.45,77,51.47,4,MEDIUM
S501,93.52,79.82,94.95,77.23,0,HIGH
S502,51.59,87.1,76.23,74.45,2,HIGH
S503,54.07,86.14,78.16,57.09,3,MEDIUM
S504,64.33,83.46,71.23,56.96,1,HIGH
S505,61.56,90.81,73.25,67.88,2,HIGH
S506,84.72,92.22,51.34,77.5,3,MEDIUM
S507,95.28,65.73,77.23,51.6,4,LOW
S508,83.57,73.13,45.6,77.43,4,HIGH
S509,61.44,71.5,77.69,71.72,2,HIGH
S510,99.35,74.05,54.08,50.96,4,MEDIUM
S511,66.55,93.97,75.76,84.11,3,HIGH
S512,70.25,79.27,40.28,79.94,3,HIGH
S513,88.45,61.09,52.45,80.92,1,MEDIUM
S514,74.43,84.84,50.2,71.01,4,MEDIUM
S515,67.02,81.36,50.32,63.73,1,HIGH
S516,68.87,68.67,67.31,66.07,1,MEDIUM
S517,87.34,85.32,66.61,70.15,2,HIGH
S518,98.87,77.8,82.94,59.81,4,HIGH
S519,68.14,73.84,88.35,57.61,4,MEDIUM
S520,63.78,92.67,75.93,60.25,4,MEDIUM
S521,66.76,80.16,42.23,57.25,2,HIGH
S522,67.64,83.14,85.97,83.03,0,MEDIUM
S523,86.52,67.34,87.65,64.62,4,LOW
S524,90.85,75.34,50.43,81.31,4,MEDIUM
S525,53.21,77.73,92.11,63.13,4,MEDIUM
S526,90.45,93.66,71.6,81.69,4,HIGH
S527,95.28,81.3,89.76,64.92,1,HIGH
S528,56.22,62.11,71.16,70.21,0,HIGH
S529,60.55,94.28,89.67,56.52,1,MEDIUM
S530,68.46,67.89,79.79,78.62,0,HIGH
S531,51.37,89.13,77.86,64.07,2,HIGH
S532,63.8,77.42,52.94,63.39,2,LOW
S533,76.87,70.58,52.02,73.18,3,MEDIUM
S534,69.92,86.24,39.75,63.51,3,MEDIUM
S535,98.37,84.41,58.12,83.4,3,HIGH
S536,60.46,84.46,77.04,73.46,3,HIGH
S537,91.75,81.57,77.51,63.88,0,HIGH
S538,91.77,85.02,48.09,61.23,4,HIGH
S539,51.73,89.04,84.73,68.58,4,MEDIUM
S540,93.18,88.81,47.21,79.23,0,MEDIUM
S541,53.23,92.06,67.88,78.59,3,HIGH
S542,73.11,89.32,51.46,52.22,2,HIGH
S543,88.95,89.39,47.22,50.44,2,LOW
S544,66.4,63.55,65.09,65.68,4,MEDIUM
S545,59.75,65.68,51.81,80.18,1,MEDIUM
S546,85.27,87,44.74,58.62,2,HIGH
S547,55,86.17,90.7,82.59,1,HIGH
S548,65.21,79.11,44.38,62.1,0,HIGH
S549,70.2,70.48,73.03,80.88,1,HIGH
S550,58.06,81.53,55.38,58.44,3,MEDIUM
S551,93.78,69.95,83.47,54.31,2,MEDIUM
S552,74.1,61.89,88.46,65.23,4,HIGH
S553,57.45,60.02,85.72,71.86,2,MEDIUM
S554,67.34,82.85,57.99,75.99,2,HIGH
S555,67.51,70.44,41.13,82.38,0,HIGH
S556,56.07,65.93,94.75,81.41,1,MEDIUM
S557,88.54,86.23,65.79,67.43,1,MEDIUM
S558,96.82,71.96,42.1,58.78,3,HIGH
S559,55.67,78.87,54.89,73.71,3,MEDIUM
S560,55.32,61.22,85.56,77.84,1,MEDIUM
S561,96.64,86.67,81.97,61.93,4,HIGH
S562,61.29,84.6,77.52,77.14,3,HIGH
S563,53.32,93.24,42.46,64.84,2,HIGH
S564,66.55,78.16,87.66,79.4,0,MEDIUM
S565,94.98,86.72,92.63,77.2,4,HIGH
S566,95.41,83.9,85.43,54.14,2,HIGH
S567,71.25,87.11,68.43,50.24,0,MEDIUM
S568,59.31,76.48,35.79,59.57,0,HIGH
S569,73.26,89.59,41.51,79.35,2,MEDIUM
S570,83.67,91.49,42.68,60.29,3,HIGH
S571,94.37,77.11,49.93,64.98,0,HIGH
S572,60.75,94.14,55.19,51.54,0,HIGH
S573,87.33,90.3,75.14,62.68,2,MEDIUM
S574,72.47,76.59,57.73,75.92,3,HIGH
S575,56.44,90.17,62.28,52.02,3,MEDIUM
S576,98.16,60.08,70.62,59.81,0,MEDIUM
S577,58.31,86.47,85.21,68.15,3,MEDIUM
S578,75.67,66.6,76.76,66.05,0,MEDIUM
S579,88.24,79.77,77.93,74.3,4,MEDIUM
S580,91.16,79.24,51.32,70.71,1,MEDIUM
S581,89.81,60.76,67.42,66.88,3,HIGH
S582,68.41,70.82,74.78,60.95,1,HIGH
S583,94.72,68.24,60.65,83.59,0,HIGH
S584,72.79,70.34,93.12,67.86,2,HIGH
S585,95.08,81.03,46.25,83.42,4,HIGH
S586,94.95,80.68,37.31,55.07,2,HIGH
S587,63.73,77.25,64.44,65.31,2,MEDIUM
S588,99.02,61.31,52.66,84.04,3,HIGH
S589,83.39,89.87,93.77,58.89,1,MEDIUM
S590,94.43,67.12,39.85,51.5,0,HIGH
S591,99.34,77.71,48.25,51.35,1,HIGH
S592,62.18,68.82,87.82,70.04,4,MEDIUM
S593,84.26,60.88,60.93,57.84,0,MEDIUM
S594,90.28,82.8,65.52,59.76,2,MEDIUM
S595,79.35,61.05,71.05,68.77,2,HIGH
S596,97.62,64,85.78,57.33,0,MEDIUM
S597,63.09,92.71,37.37,79.21,0,LOW
S598,66.25,63.89,72.04,57.8,4,HIGH
S599,54.87,62.64,68.94,62.91,1,HIGH
S600,78.41,65.24,63.7,63.76,1,HIGH
S601,86.05,71.96,74.66,75.57,0,HIGH
S602,86.63,60.35,58.92,55.68,2,HIGH
S603,98.29,65.3,90.29,58.51,3,MEDIUM
S604,73.48,60.85,90.61,61.72,0,LOW
S605,67.04,74.85,75.96,80.58,4,HIGH
S606,83.52,89.27,45.62,56.15,0,HIGH
S607,64.73,90.23,43.34,62.3,2,HIGH
S608,89.25,84.67,55,68.5,3,HIGH
S609,93.31,75.54,58.49,82.43,3,HIGH
S610,64.53,66.85,46.18,79.16,3,HIGH
S611,91.96,82.42,39.32,54.97,0,MEDIUM
S612,92.49,69.85,43.1,69.33,3,HIGH
S613,70.41,91.1,94.61,79.84,3,HIGH
S614,74.36,71.39,90.19,69.61,2,MEDIUM
S615,61.16,67.97,43.94,80.42,4,HIGH
S616,77.95,85.47,58.96,64.34,1,LOW
S617,63.73,74.13,91.54,70.36,2,HIGH
S618,50.73,86.48,69.6,80.01,2,HIGH
S619,66.34,88.4,42.74,73.22,1,HIGH
S620,51.21,80.39,61.94,82.08,1,MEDIUM
S621,83.85,85.14,63.9,83.91,1,MEDIUM
S622,90.07,66.71,56.7,75.8,1,MEDIUM
S623,56.14,73.82,53.91,79.3,0,HIGH
S624,83.79,94.2,62.11,75.18,4,HIGH
S625,85.85,69.04,52.49,77.69,4,LOW
S626,65.18,61.6,71.62,54.56,3,MEDIUM
S627,93.52,89.02,91.22,55.23,0,MEDIUM
S628,61.45,80.96,73.39,63.08,4,HIGH
S629,50.31,81.8,93.43,66.67,1,HIGH
S630,70.39,69.93,42.63,51.07,0,HIGH
S631,61.85,61.63,53.83,61.55,4,MEDIUM
S632,81.77,63.5,77.87,79.15,4,HIGH
S633,92.83,88.68,58.75,79.29,4,MEDIUM
S634,83.53,85.45,40.54,53.74,0,HIGH
S635,80.23,82.28,87.74,64.47,0,HIGH
S636,79.87,61.76,46.61,67.93,4,MEDIUM
S637,77.32,75.4,38.68,77.95,4,HIGH
S638,64.48,94.59,50.06,65.69,3,HIGH
S639,62,70.32,42.37,56.62,3,LOW
S640,58.49,84.84,94.55,62.6,3,HIGH
S641,90.61,77.67,94.72,53.34,0,MEDIUM
S642,64.66,76.97,87.81,53.55,1,MEDIUM
S643,81.57,71.22,51.97,50.19,4,MEDIUM
S644,92.66,81,59.49,77.23,4,MEDIUM
S645,94.98,71.01,43.03,73.2,0,MEDIUM
S646,52.38,91.91,48.32,71.55,4,MEDIUM
S647,57.07,83.48,47.74,52.62,0,HIGH
S648,60.89,65,44.74,58.47,0,MEDIUM
S649,68.26,63.09,92.56,57.94,3,MEDIUM
S650,89.87,93.87,93.36,52.82,3,HIGH
S651,97.09,65.26,65.72,81.06,4,MEDIUM
S652,50.36,72.4,73.59,60.48,0,MEDIUM
S653,92.75,92.97,93.72,78.49,4,LOW
S654,81.14,89.59,77.42,74.12,2,HIGH
S655,71.52,77.43,90.69,65.4,1,MEDIUM
S656,99.72,61.59,72.22,65.93,1,LOW
S657,65.79,88.44,92.66,83.5,1,MEDIUM
S658,77.17,87.94,65.05,61.88,1,MEDIUM
S659,79.17,78.36,72.22,72.09,0,HIGH
S660,55.95,60.72,53.39,63.82,3,MEDIUM
S661,59.88,85.66,94.37,68.19,3,HIGH
S662,98.74,67.81,74.81,66.41,4,HIGH
S663,69.46,75.33,54.21,66.9,0,HIGH
S664,82.17,77.41,88.74,77.44,3,HIGH
S665,59.07,61.54,70.68,56.22,3,HIGH
S666,65.96,72.51,81.72,81.93,0,HIGH
S667,67.13,65.66,36.42,56.25,3,HIGH
S668,61.4,86.95,38.46,62.84,3,HIGH
S669,91.05,74.14,74.34,58.75,1,MEDIUM
S670,68.46,72.17,46.78,64.79,3,MEDIUM
S671,56.78,70.23,65.38,57.3,3,HIGH
S672,56.84,83.75,41.41,58.45,2,MEDIUM
S673,57.33,69.25,67,84.54,0,HIGH
S674,51.67,70.07,39.25,54.81,0,MEDIUM
S675,78.69,80.28,73.23,83.9,0,MEDIUM
S676,81.76,82.81,92.79,73.93,4,MEDIUM
S677,83.55,72.36,48.46,73.4,1,MEDIUM
S678,98.49,75.58,65.11,81.89,2,HIGH
S679,97.66,68.05,82.9,67.33,0,HIGH
S680,53.81,72.18,57,58.73,0,MEDIUM
S681,55.1,72.14,38.14,74.1,2,MEDIUM
S682,80.1,79.29,75.77,84.23,1,MEDIUM
S683,79.43,72.67,88.28,79.4,3,HIGH
S684,99.55,66.31,71.3,71.4,4,HIGH
S685,69.1,76.5,36.51,82.6,3,HIGH
S686,69.21,75.94,41.24,71.05,3,HIGH
S687,84.52,84.66,83.79,69.39,2,MEDIUM
S688,65.52,71.27,59.73,74.42,2,MEDIUM
S689,71.4,77.51,49.67,70.07,3,LOW
S690,75.59,68.21,39.69,75.45,1,HIGH
S691,94.19,69.33,40.61,56,4,HIGH
S692,97.17,70.87,66.79,79.38,0,HIGH
S693,81.47,93.95,38.14,77.21,4,HIGH
S694,78.08,94.93,64.01,72.06,0,MEDIUM
S695,61.65,88.74,75.33,74.21,4,HIGH
S696,67.24,93.71,88.23,80.96,0,HIGH
S697,92.98,81.49,68.83,84.07,0,HIGH
S698,77.9,84.13,65.48,79.38,3,MEDIUM
S699,57.32,90.54,38.56,79,3,MEDIUM
S700,62.15,61.18,69.1,72.93,1,HIGH
S701,92.93,83.53,78.39,67.28,4,LOW
S702,77.94,65.01,52.99,55.78,0,HIGH
S703,51.1,70.87,51.39,59.03,4,HIGH
S704,60.18,76.09,87.83,71.75,2,MEDIUM
S705,100,60.83,94.1,59.86,1,MEDIUM
S706,93.26,77.06,74.31,72.31,1,HIGH
S707,85.75,77.62,70.83,50.51,2,HIGH
S708,84.83,85.87,51.24,75.92,2,HIGH
S709,69.12,72.04,83.5,76.45,4,MEDIUM
S710,58.2,72.65,85.07,67.41,1,HIGH
S711,70.71,82.68,64.42,71.28,2,HIGH
S712,70.37,61.21,85.98,54.8,0,HIGH
S713,97.42,77.52,62.83,62.67,2,MEDIUM
S714,96.39,81.86,79.83,72.22,4,HIGH
S715,74.54,76.52,66.46,60.8,4,MEDIUM
S716,60.89,93.9,64.22,73.03,0,MEDIUM
S717,95.08,74.2,41.59,82.76,1,MEDIUM
S718,78.37,81.06,75.79,78.12,0,HIGH
S719,63.68,61.01,77.34,78.15,3,HIGH
S720,84.29,92.05,46.27,56.58,3,HIGH
S721,90.53,73.04,56.85,51.15,3,MEDIUM
S722,80.86,83.19,78.83,64.8,1,MEDIUM
S723,67.95,64.88,51.3,74.17,3,HIGH
S724,82.11,92.72,91.95,54.11,4,HIGH
S725,93.84,64.36,74.16,79.67,1,HIGH
S726,61.71,91.38,38.86,57.85,4,HIGH
S727,58.02,89.26,81.73,56.02,3,MEDIUM
S728,54.86,70.63,73.69,83.52,1,HIGH
S729,70.74,72.83,53.54,72.69,2,MEDIUM
S730,82.14,60.83,36.65,73.02,0,MEDIUM
S731,93.28,62.53,52.76,66.86,0,HIGH
S732,58.01,89.74,38.97,63.62,2,MEDIUM
S733,87.25,80.88,64.11,53.86,1,HIGH
S734,78.32,90.35,67.7,68.64,3,HIGH
S735,73.85,80.04,64.91,74.65,3,HIGH
S736,60.21,64.05,36.05,71.73,1,HIGH
S737,74.72,62.09,88.67,52.11,0,LOW
S738,79.83,76.3,59.33,64.84,1,HIGH
S739,97.72,65.85,57.71,68.94,2,HIGH
S740,80.77,73.55,37.51,60,0,LOW
S741,77.61,70.58,76.5,78.23,0,HIGH
S742,60.65,89.55,80.92,61.87,0,MEDIUM
S743,92.82,68.02,61.07,71.17,1,MEDIUM
S744,71.95,75.5,69.55,65.11,2,HIGH
S745,79.83,60.2,54.12,74.18,2,HIGH
S746,51.69,88.87,86.36,50.18,2,MEDIUM
S747,85.27,72.43,83.66,69.38,0,HIGH
S748,51.65,64.1,76.82,66.2,3,MEDIUM
S749,72.28,69.37,40.99,77.68,4,MEDIUM
S750,67.68,80.49,87.74,82.37,4,HIGH
S751,92.99,92.73,80.21,84.24,1,MEDIUM
S752,52.83,76.1,89.48,67.85,0,HIGH
S753,85.64,61.72,78.13,51.21,1,HIGH
S754,66.32,78.19,74.36,70.11,2,MEDIUM
S755,92.2,92.53,42.4,70.24,0,MEDIUM
S756,61.79,85.35,83.63,52.67,1,HIGH
S757,91.99,74.33,55.9,54.35,2,MEDIUM
S758,98.95,92.92,84.21,84.04,1,HIGH
S759,76.38,71.19,50.06,60.45,3,HIGH
S760,73.84,66.33,62.35,75.79,1,HIGH
S761,63.8,60.03,89.31,66.42,2,HIGH
S762,80.16,78.36,92.64,79.73,0,HIGH
S763,93.81,86.17,78.28,78.07,0,HIGH
S764,79.21,81.78,87.53,52.38,0,MEDIUM
S765,74.61,65.98,79.12,66.01,0,HIGH
S766,88.31,94.31,40.61,61.16,1,MEDIUM
S767,95.96,77.21,66.65,77.54,1,MEDIUM
S768,78.02,76.36,77.94,80.36,1,HIGH
S769,75.09,76.84,42.69,80.43,0,MEDIUM
S770,72.17,62.27,53.87,72.56,4,HIGH
S771,50.41,91.58,65.04,53.08,0,LOW
S772,82.38,88.11,88.77,81.76,0,MEDIUM
S773,64.59,64.94,90.47,81.64,2,MEDIUM
S774,81.15,73.38,76.73,78.13,2,HIGH
S775,68.86,75.15,36.99,77.78,1,HIGH
S776,91.47,66.22,45.4,59.39,0,LOW
S777,70.1,68.8,48.84,72.61,3,HIGH
S778,86.1,79.8,85.46,53.26,3,MEDIUM
S779,92.47,92.28,85.03,64.54,3,HIGH
S780,59.19,87.26,58.26,63.25,1,MEDIUM
S781,90.12,60.43,76.89,80.64,4,HIGH
S782,82.57,71.96,35.17,55.86,4,MEDIUM
S783,62.81,84.42,51.16,52.73,1,LOW
S784,86.75,73.91,90.22,61.93,3,MEDIUM
S785,64.2,72.67,47.26,54.19,3,HIGH
S786,87.05,66.94,77.13,74.77,4,MEDIUM
S787,66.71,92.79,42.17,67.22,0,MEDIUM
S788,50.3,92.6,42.97,82.08,1,HIGH
S789,97.95,83.25,80.25,57.58,4,MEDIUM
S790,89.03,66.21,76.06,53.74,1,LOW
S791,64.25,91.09,53.88,62.88,3,MEDIUM
S792,50.94,67.56,50.27,69.86,4,HIGH
S793,94.58,87.87,43.86,77.03,1,MEDIUM
S794,72.15,91.43,75.38,70.49,0,MEDIUM
S795,74.94,93.7,39.41,51.21,0,MEDIUM
S796,76.35,74.43,49.25,61.66,3,LOW
S797,77.51,79.78,89.48,57.35,3,MEDIUM
S798,61.42,63.31,57.84,57.28,0,HIGH
S799,90.32,76.07,53.38,82.17,4,HIGH
S800,88.51,88.3,52.52,55.86,2,MEDIUM
S801,63.87,62.28,72.96,57.14,1,LOW
S802,75.01,72.33,85.41,79.59,3,MEDIUM
S803,75.28,71.03,94.37,69.3,3,HIGH
S804,92.5,62.18,79.95,70.96,1,MEDIUM
S805,97.59,84.01,70.34,51.16,4,HIGH
S806,99.24,82.32,90.33,75.88,1,MEDIUM
S807,65.72,69.79,86.43,57.68,3,MEDIUM
S808,58.67,72.87,63.07,76.56,1,HIGH
S809,99.88,73.9,77.75,81.12,3,HIGH
S810,62.46,87.7,81.32,65.46,3,HIGH
S811,90.67,69.28,53.22,81.22,3,LOW
S812,66.61,88.56,82.92,51.33,3,HIGH
S813,73.22,91.67,53.53,75.99,3,HIGH
S814,87.88,73.43,39.23,82.45,1,MEDIUM
S815,71.13,79.8,63.04,77.3,2,HIGH
S816,74.92,63.71,53.06,73.37,1,MEDIUM
S817,81.59,60.84,66.13,82.06,0,MEDIUM
S818,51.55,74.27,76.04,52.78,1,HIGH
S819,57.39,77.1,62.71,52,4,MEDIUM
S820,76.76,63.25,47.14,57.2,0,HIGH
S821,53.15,85.84,90.16,72.68,1,MEDIUM
S822,65.29,72.15,77.43,59.29,2,MEDIUM
S823,83.86,83,48.4,83.81,0,HIGH
S824,56.07,87.82,60.6,52.49,4,HIGH
S825,90.59,67.18,51.85,71.54,1,HIGH
S826,77.52,76.54,90.73,74.94,2,HIGH
S827,58.73,70.2,48.59,59.73,2,LOW
S828,68.48,90.21,92.84,55.28,1,HIGH
S829,62.98,82.79,52.15,81.82,1,HIGH
S830,59.01,84.14,81.15,58.79,1,MEDIUM
S831,50.02,60.06,68.21,79.8,0,HIGH
S832,88.74,87.6,39.59,59.8,2,HIGH
S833,53.41,85.05,50.05,79,1,HIGH
S834,78.38,92.24,64.94,78.66,2,MEDIUM
S835,96.71,87.38,68.82,66.8,0,MEDIUM
S836,50.98,79.17,89.16,65.79,3,HIGH
S837,90.09,63.35,72.5,83.09,3,HIGH
S838,97.49,83.08,91.91,81.62,1,HIGH
S839,64.78,64.65,43.75,82.17,0,HIGH
S840,62.44,93.24,52.79,62.68,2,HIGH
S841,84.31,62.98,78.54,50.95,0,LOW
S842,99.82,93.32,67.72,70.4,2,MEDIUM
S843,81.35,90.42,82.79,50.51,2,HIGH
S844,81.18,93.48,63.3,64.25,3,HIGH
S845,57.58,72.91,51.92,65.34,3,LOW
S846,88.33,72.3,82.41,76.74,1,HIGH
S847,90.37,70.99,91.24,76.84,3,HIGH
S848,68.11,90.13,41.79,66.89,0,MEDIUM
S849,93.64,92.77,60.57,82.18,2,HIGH
S850,71.91,62.09,63.49,69.39,4,HIGH
S851,92.78,63.9,84.88,69.06,4,HIGH
S852,63.56,90.39,66.67,63.21,1,HIGH
S853,54.13,74.36,82.55,67.1,3,HIGH
S854,92.23,76.78,52.58,79.22,0,MEDIUM
S855,94.08,72.53,66.06,52.69,1,MEDIUM
S856,56.09,68.03,50.88,55.19,1,MEDIUM
S857,55.66,75.16,56.62,70.59,4,MEDIUM
S858,70.46,71.84,94.86,65.51,0,MEDIUM
S859,77.81,78.48,65.07,64.73,0,MEDIUM
S860,60.51,74.99,50.55,70.15,1,HIGH
S861,88.1,86.28,82.88,59.87,3,HIGH
S862,92.84,74.47,71.29,56.74,2,HIGH
S863,80.24,92.11,80.33,59.53,4,MEDIUM
S864,80.53,87.73,46,74.4,1,HIGH
S865,96.69,70.47,48.07,68.43,1,HIGH
S866,52.09,92.43,71.01,84.73,4,MEDIUM
S867,87.27,85.05,49.45,60.65,4,HIGH
S868,59.69,90.81,78.9,82.86,2,HIGH
S869,94.13,87.97,85.49,67.72,3,MEDIUM
S870,85.99,75.43,70.79,72.99,0,HIGH
S871,67.12,75.42,74.89,68.68,2,HIGH
S872,60.47,67.55,90.73,70.59,4,HIGH
S873,82.07,83.92,87.92,82.08,2,HIGH
S874,83.74,61.58,90.56,76.48,2,HIGH
S875,82.62,79.29,49.92,83.2,2,MEDIUM
S876,81.49,66.07,37.66,55.23,2,HIGH
S877,96.81,78.27,74.66,63.34,4,MEDIUM
S878,88.83,77.33,40.08,56.35,0,MEDIUM
S879,53.02,71.36,55.8,59.43,0,LOW
S880,90.31,85.04,56.45,72.93,0,HIGH
S881,64.53,88.38,43.63,74.4,2,HIGH
S882,79.46,87.73,90.56,57.63,4,MEDIUM
S883,56.14,88.51,74.22,64.81,1,HIGH
S884,78.5,92.54,74.18,80.96,1,HIGH
S885,69.26,82.23,75.31,65.27,2,HIGH
S886,72.77,79.27,72.52,83.03,0,HIGH
S887,68.62,65.62,53.39,60.97,3,MEDIUM
S888,81.63,77.57,73.22,65.57,3,MEDIUM
S889,52.12,87.83,60.89,52.99,2,HIGH
S890,71.85,84.16,55.64,79.96,4,MEDIUM
S891,69.72,73.13,37.82,73.75,0,HIGH
S892,88.36,74.68,41.82,65.44,2,LOW
S893,74.02,60.3,58.72,66.15,0,HIGH
S894,85.48,91.7,71.5,83.25,3,MEDIUM
S895,85.12,94.53,91.9,63.26,4,HIGH
S896,72.5,72.98,35.92,59.7,4,MEDIUM
S897,91.38,74.79,79.13,65.43,1,LOW
S898,93.16,79.75,48.67,78.4,1,HIGH
S899,75.85,61.23,40.01,69.99,4,HIGH
S900,80.34,86.29,54.59,62.28,4,MEDIUM
S901,78.54,80.3,76.7,53.03,3,HIGH
S902,91.14,77.29,90.74,59.99,1,MEDIUM
S903,83.52,82.14,37.46,75.38,1,HIGH
S904,80.27,61.17,66.44,77.05,4,MEDIUM
S905,80.93,79.17,83.5,76.86,0,MEDIUM
S906,61.79,80.34,77.31,71.35,0,MEDIUM
S907,67.53,67.98,79.14,55.27,0,MEDIUM
S908,91.71,76.62,73.1,58.92,4,MEDIUM
S909,63.45,89.03,48.38,59.84,3,HIGH
S910,76.96,94.12,43.98,71.39,3,HIGH
S911,87.93,71.46,69.9,55.3,2,MEDIUM
S912,69.36,88.86,44.79,50.78,2,MEDIUM
S913,89.82,91.79,62.65,83.46,3,MEDIUM
S914,54.16,78.55,40.91,64.98,4,HIGH
S915,57.87,66.46,44.72,69.48,4,HIGH
S916,72.58,93.11,88.09,59.29,2,MEDIUM
S917,74.7,75.07,47.8,58.94,3,MEDIUM
S918,65.69,93.53,64.9,62.04,4,MEDIUM
S919,86.77,88.86,43.47,50.57,3,HIGH
S920,65.72,74.75,91.39,78.67,3,HIGH
S921,97.86,74.8,58.77,82.17,4,HIGH
S922,85.43,61.85,71.97,59.96,0,MEDIUM
S923,88.89,82.52,43.64,54.7,3,HIGH
S924,68.01,74.19,64.61,81.16,4,HIGH
S925,78.68,90.96,39.14,80.37,0,MEDIUM
S926,93.48,81.03,71.65,78.41,4,HIGH
S927,57.2,67.05,62.48,69.02,2,HIGH
S928,52.64,91.44,36.84,63.26,3,HIGH
S929,96.25,64.04,60.19,83.81,1,MEDIUM
S930,67.58,82.52,83.39,58.8,3,MEDIUM
S931,77.24,92.24,70.18,54.81,0,LOW
S932,73.31,64.01,60.3,55.54,0,HIGH
S933,62.85,94.58,73.19,53.94,0,MEDIUM
S934,98.83,80.62,35.83,77.01,3,HIGH
S935,50.66,78.87,69.86,50.76,0,HIGH
S936,58.06,62.37,40.72,55.83,1,MEDIUM
S937,63.2,74.54,50.21,78.76,3,MEDIUM
S938,64.33,88.23,57.03,66.98,3,MEDIUM
S939,70.25,71.37,56.08,78.4,4,MEDIUM
S940,86.81,73.32,60.5,52.13,2,MEDIUM
S941,79.43,84.04,38.99,83.91,2,MEDIUM
S942,68.22,64.94,65.77,58.65,2,MEDIUM
S943,90.47,73.52,47.18,51.22,2,MEDIUM
S944,79.86,87.14,42.53,50.83,2,MEDIUM
S945,98.68,67.3,61.87,60.48,0,MEDIUM
S946,67.83,60.65,42.05,78.57,0,HIGH
S947,95.54,72.34,90.17,65.03,2,LOW
S948,55.22,80.55,37.93,68.63,3,HIGH
S949,82.81,80.15,40.38,68.15,0,HIGH
S950,79.55,93.59,77.9,71.89,4,HIGH
S951,79.59,75.06,44.94,82.69,4,MEDIUM
S952,98.22,60.98,87.6,61,3,HIGH
S953,66.79,64.94,67.77,59.37,3,MEDIUM
S954,67.84,91.32,88.1,54.26,4,MEDIUM
S955,63.12,82.04,86.9,78.78,3,LOW
S956,99.42,62.08,77.8,65.02,0,MEDIUM
S957,92.29,71.72,52.66,75.02,0,MEDIUM
S958,88.46,73.59,50.08,65.58,0,MEDIUM
S959,63.63,80.75,65.66,68.44,0,HIGH
S960,65.24,77.43,74.09,83.13,1,MEDIUM
S961,68.37,61.2,69.61,58.23,0,MEDIUM
S962,83.49,74.79,55.11,55.06,3,MEDIUM
S963,95.83,90.42,70.56,57.69,1,LOW
S964,57.78,62.65,62.07,59.7,1,MEDIUM
S965,73.56,74.65,49.45,52.99,3,MEDIUM
S966,72.83,61.45,42.66,56.76,1,MEDIUM
S967,73.27,63.53,70.36,66.36,1,MEDIUM
S968,74.65,78.16,56,66.2,0,MEDIUM
S969,63.29,77.99,77.2,72.34,2,MEDIUM
S970,97.51,71.81,73.01,51.07,1,HIGH
S971,61.22,93.27,72.43,82.22,3,HIGH
S972,58.15,71.87,72.6,81.9,3,MEDIUM
S973,85.62,76.63,62.9,75.87,1,MEDIUM
S974,90.13,66.13,38.04,81.1,2,MEDIUM
S975,51.77,77.51,94.04,81.26,4,MEDIUM
S976,92,75.99,86.02,67.18,0,LOW
S977,85.48,73.19,69.53,72.97,2,HIGH
S978,58.23,79.07,50.6,71.78,2,HIGH
S979,58.46,64.49,79.94,80.9,4,HIGH
S980,79.1,87.41,66.88,75.46,3,HIGH
S981,99.51,93.25,82.91,77.56,4,HIGH
S982,77.33,70.5,80.37,55.37,4,HIGH
S983,66.06,62.58,44.27,65.19,1,MEDIUM
S984,57.95,65.76,45.15,71.15,3,HIGH
S985,86.95,62.88,79.86,80.57,3,HIGH
S986,88,73.66,94.48,84.01,1,HIGH
S987,60.01,83.23,50,73.78,3,MEDIUM
S988,94.55,68.19,81.4,75.98,4,HIGH
S989,82.69,86.11,64.08,55.93,0,HIGH
S990,53.39,82.62,89.23,58.53,3,MEDIUM
S991,62.79,68.82,44.66,84.55,2,HIGH
S992,62.7,65.9,80.93,67.7,2,HIGH
S993,85.26,87.53,67.88,64.62,1,MEDIUM
S994,59.56,89.23,51.93,65.77,1,MEDIUM
S995,98.87,82.29,71.47,72.71,4,MEDIUM
S996,72.37,82.39,76.68,63.53,1,HIGH
S997,57.46,66.4,73.61,52.15,0,HIGH
S998,52.7,70.84,37.95,50.48,2,MEDIUM
S999,87.68,90.32,61.69,73.27,4,HIGH
S1000,93.73,82.07,37.23,64.25,4,MEDIUM